Model,MSE,MAPE,RMSE,MAE,R2
xgboost,477.8245618277084,0.3862917952959762,21.85919856325269,10.172884121762014,0.9597629471689425
rf,399.51401769664636,0.3208054973506394,19.987846749878948,9.635281065826138,0.9659998307755296
knn,278.18162231879444,0.2387971157557426,16.67877760265405,8.47360839130241,0.9781605011304888
mlp,560.4112913768481,0.6278743630275697,23.673007653799466,12.259830931459927,0.954548777757582
