Model,MSE,MAPE,RMSE,MAE,R2
xgboost,554.7039406253145,0.32623895217517074,23.552153630301298,9.870754017041037,0.9535949960929759
rf,404.3685157080963,0.321851623658942,20.10891632356394,9.461534149432282,0.9658986485742631
knn,549.1004786154119,0.33612345671873983,23.4328930910251,10.812273614413044,0.9549153712670084
mlp,2449.6040307774683,2.6069592143772553,49.49347462825244,34.035477858802366,0.7563843351786045
